epoch_s,component,rss_kib,rss_anon_kib,cgroup_working_set_kib
1791235988,axiam-server,133436,99912,NA
1791235988,surrealdb,88824,25120,27279
1791235988,rabbitmq,117344,65172,94976
1791235996,axiam-server,133436,99912,NA
1791235996,surrealdb,88824,25120,27279
1791235996,rabbitmq,117404,65232,95119
1791236004,axiam-server,133436,99912,NA
1791236004,surrealdb,88824,25120,27279
1791236004,rabbitmq,117256,65084,94863
1791236012,axiam-server,133436,99912,NA
1791236012,surrealdb,88056,24352,26481
1791236012,rabbitmq,117304,65132,95048
1791236020,axiam-server,133436,99912,NA
1791236020,surrealdb,88056,24352,26624
1791236020,rabbitmq,117388,65216,95048
1791236028,axiam-server,133436,99912,NA
1791236028,surrealdb,88056,24352,26624
1791236028,rabbitmq,117424,65252,94956
1791236036,axiam-server,133436,99912,NA
1791236036,surrealdb,88056,24352,26624
1791236036,rabbitmq,117164,64992,94710
1791236044,axiam-server,133436,99912,NA
1791236044,surrealdb,88016,24312,26552
1791236044,rabbitmq,117272,65100,94843
1791236052,axiam-server,133436,99912,NA
1791236052,surrealdb,88020,24316,26552
1791236052,rabbitmq,117200,65028,94986
1791236061,axiam-server,133436,99912,NA
1791236061,surrealdb,87900,24196,26429
1791236061,rabbitmq,117404,65232,94986
1791236069,axiam-server,133440,99916,NA
1791236069,surrealdb,87840,24136,26470
1791236069,rabbitmq,117444,65272,95017
1791236077,axiam-server,133440,99916,NA
1791236077,surrealdb,87908,24204,26378
1791236077,rabbitmq,117336,65164,94874
1791236085,axiam-server,133440,99916,NA
1791236085,surrealdb,87912,24208,26378
1791236085,rabbitmq,117424,65252,94792
1791236093,axiam-server,133440,99916,NA
1791236093,surrealdb,87960,24256,26378
1791236093,rabbitmq,117464,65292,94966
1791236101,axiam-server,133440,99916,NA
1791236101,surrealdb,88232,24528,26634
1791236101,rabbitmq,117544,65372,94966
